Project,Analysis end date,Develop Id,Operationalization,Expected role,Ground-truth role (survey),Core vote (survey),Peripheral vote (survey)
Django,2015-12-06,14841,VCS EigenCent,core,core,6,0
Django,2015-12-06,14841,VCS Degree,core,core,6,0
Django,2015-12-06,14841,Mail Degree,core,core,6,0
Django,2015-12-06,14841,Commit Count,core,core,6,0
Django,2015-12-06,14841,Mail EigenCent,core,core,6,0
Django,2015-12-06,14841,Mail Count,core,core,6,0
Django,2015-12-06,14841,VCS Hierarchy,core,core,6,0
Django,2015-12-06,14841,LOC Count,core,core,6,0
Django,2015-12-06,14843,VCS EigenCent,core,core,1,0
Django,2015-12-06,14843,LOC Count,core,core,1,0
Django,2015-12-06,14843,Mail Degree,core,core,1,0
Django,2015-12-06,14843,Commit Count,core,core,1,0
Django,2015-12-06,14843,Mail EigenCent,core,core,1,0
Django,2015-12-06,14843,Mail Count,core,core,1,0
Django,2015-12-06,14843,VCS Degree,core,core,1,0
Django,2015-12-06,14843,VCS Hierarchy,core,core,1,0
Django,2015-12-06,14860,LOC Count,core,core,8,0
Django,2015-12-06,14860,Mail Count,core,core,8,0
Django,2015-12-06,14860,VCS Hierarchy,peripheral,core,8,0
Django,2015-12-06,14860,Mail EigenCent,core,core,8,0
Django,2015-12-06,14860,Mail Degree,peripheral,core,8,0
Django,2015-12-06,14860,Commit Count,core,core,8,0
Django,2015-12-06,14860,VCS EigenCent,peripheral,core,8,0
Django,2015-12-06,14860,VCS Degree,peripheral,core,8,0
Django,2015-12-06,14870,VCS Degree,core,core,1,0
Django,2015-12-06,14870,Commit Count,core,core,1,0
Django,2015-12-06,14870,VCS EigenCent,core,core,1,0
Django,2015-12-06,14870,VCS Hierarchy,core,core,1,0
Django,2015-12-06,14870,LOC Count,core,core,1,0
Django,2015-12-06,14893,Mail EigenCent,core,core,5,0
Django,2015-12-06,14893,Mail Degree,core,core,5,0
Django,2015-12-06,14893,LOC Count,core,core,5,0
Django,2015-12-06,14893,Commit Count,peripheral,core,5,0
Django,2015-12-06,14893,VCS EigenCent,peripheral,core,5,0
Django,2015-12-06,14893,VCS Degree,peripheral,core,5,0
Django,2015-12-06,14893,VCS Hierarchy,core,core,5,0
Django,2015-12-06,14893,Mail Count,core,core,5,0
Django,2015-12-06,14899,VCS Hierarchy,peripheral,peripheral,0,1
Django,2015-12-06,14899,VCS EigenCent,peripheral,peripheral,0,1
Django,2015-12-06,14899,LOC Count,core,peripheral,0,1
Django,2015-12-06,14899,VCS Degree,peripheral,peripheral,0,1
Django,2015-12-06,14899,Commit Count,core,peripheral,0,1
Django,2015-12-06,14968,VCS Hierarchy,core,peripheral,0,1
Django,2015-12-06,14968,LOC Count,core,peripheral,0,1
Django,2015-12-06,14968,VCS Degree,peripheral,peripheral,0,1
Django,2015-12-06,14968,VCS EigenCent,core,peripheral,0,1
Django,2015-12-06,14968,Commit Count,peripheral,peripheral,0,1
Django,2015-12-06,15031,VCS Hierarchy,peripheral,peripheral,0,1
Django,2015-12-06,15031,LOC Count,core,peripheral,0,1
Django,2015-12-06,15031,VCS EigenCent,peripheral,peripheral,0,1
Django,2015-12-06,15031,VCS Degree,peripheral,peripheral,0,1
Django,2015-12-06,15031,Commit Count,core,peripheral,0,1
Django,2015-12-06,15162,LOC Count,peripheral,peripheral,0,2
Django,2015-12-06,15162,Commit Count,core,peripheral,0,2
Django,2015-12-06,15162,VCS Degree,peripheral,peripheral,0,2
Django,2015-12-06,15162,Mail Count,core,peripheral,0,2
Django,2015-12-06,15162,Mail Degree,core,peripheral,0,2
Django,2015-12-06,15162,Mail EigenCent,peripheral,peripheral,0,2
Django,2015-12-06,15162,VCS EigenCent,peripheral,peripheral,0,2
Django,2015-12-06,15162,VCS Hierarchy,peripheral,peripheral,0,2
LLVM,2015-11-02,1520,VCS Degree,core,core,11,0
LLVM,2015-11-02,1520,Commit Count,core,core,11,0
LLVM,2015-11-02,1520,Mail Degree,core,core,11,0
LLVM,2015-11-02,1520,Mail EigenCent,core,core,11,0
LLVM,2015-11-02,1520,LOC Count,core,core,11,0
LLVM,2015-11-02,1520,Mail Count,core,core,11,0
LLVM,2015-11-02,1520,VCS Hierarchy,core,core,11,0
LLVM,2015-11-02,1520,VCS EigenCent,peripheral,core,11,0
Django,2015-12-06,15207,Commit Count,core,peripheral,0,1
Django,2015-12-06,15207,LOC Count,peripheral,peripheral,0,1
Django,2015-12-06,15207,VCS Hierarchy,core,peripheral,0,1
Django,2015-12-06,15207,VCS Degree,core,peripheral,0,1
Django,2015-12-06,15207,VCS EigenCent,peripheral,peripheral,0,1
Django,2015-12-06,15244,LOC Count,peripheral,core,1,0
Django,2015-12-06,15244,Commit Count,peripheral,core,1,0
LLVM,2015-11-02,1535,Mail Count,core,core,2,0
LLVM,2015-11-02,1535,VCS Degree,core,core,2,0
LLVM,2015-11-02,1535,Mail Degree,core,core,2,0
LLVM,2015-11-02,1535,VCS EigenCent,core,core,2,0
LLVM,2015-11-02,1535,VCS Hierarchy,core,core,2,0
LLVM,2015-11-02,1535,Mail EigenCent,core,core,2,0
LLVM,2015-11-02,1535,Commit Count,core,core,2,0
LLVM,2015-11-02,1535,LOC Count,core,core,2,0
PostgreSQL,2015-12-05,15397,Mail Degree,core,core,2,0
PostgreSQL,2015-12-05,15397,VCS EigenCent,core,core,2,0
PostgreSQL,2015-12-05,15397,Commit Count,core,core,2,0
PostgreSQL,2015-12-05,15397,VCS Hierarchy,core,core,2,0
PostgreSQL,2015-12-05,15397,LOC Count,core,core,2,0
PostgreSQL,2015-12-05,15397,Mail EigenCent,core,core,2,0
PostgreSQL,2015-12-05,15397,VCS Degree,core,core,2,0
PostgreSQL,2015-12-05,15397,Mail Count,core,core,2,0
PostgreSQL,2015-12-05,15398,VCS Hierarchy,core,core,2,0
PostgreSQL,2015-12-05,15398,VCS EigenCent,core,core,2,0
PostgreSQL,2015-12-05,15398,Mail EigenCent,core,core,2,0
PostgreSQL,2015-12-05,15398,LOC Count,core,core,2,0
PostgreSQL,2015-12-05,15398,VCS Degree,core,core,2,0
PostgreSQL,2015-12-05,15398,Commit Count,core,core,2,0
PostgreSQL,2015-12-05,15398,Mail Count,core,core,2,0
PostgreSQL,2015-12-05,15398,Mail Degree,core,core,2,0
PostgreSQL,2015-12-05,15399,VCS Degree,core,peripheral,1,1
PostgreSQL,2015-12-05,15399,Mail EigenCent,core,peripheral,1,1
PostgreSQL,2015-12-05,15399,Mail Count,core,peripheral,1,1
PostgreSQL,2015-12-05,15399,Mail Degree,core,peripheral,1,1
PostgreSQL,2015-12-05,15399,VCS Hierarchy,core,peripheral,1,1
PostgreSQL,2015-12-05,15399,LOC Count,peripheral,peripheral,1,1
PostgreSQL,2015-12-05,15399,VCS EigenCent,peripheral,peripheral,1,1
PostgreSQL,2015-12-05,15399,Commit Count,core,peripheral,1,1
PostgreSQL,2015-12-05,15400,Mail Degree,core,core,2,0
PostgreSQL,2015-12-05,15400,Commit Count,peripheral,core,2,0
PostgreSQL,2015-12-05,15400,VCS EigenCent,peripheral,core,2,0
PostgreSQL,2015-12-05,15400,Mail EigenCent,peripheral,core,2,0
PostgreSQL,2015-12-05,15400,VCS Hierarchy,peripheral,core,2,0
PostgreSQL,2015-12-05,15400,VCS Degree,peripheral,core,2,0
PostgreSQL,2015-12-05,15400,LOC Count,peripheral,core,2,0
PostgreSQL,2015-12-05,15400,Mail Count,core,core,2,0
PostgreSQL,2015-12-05,15401,VCS EigenCent,peripheral,core,2,0
PostgreSQL,2015-12-05,15401,VCS Hierarchy,core,core,2,0
PostgreSQL,2015-12-05,15401,Mail Degree,core,core,2,0
PostgreSQL,2015-12-05,15401,LOC Count,core,core,2,0
PostgreSQL,2015-12-05,15401,Commit Count,peripheral,core,2,0
PostgreSQL,2015-12-05,15401,Mail EigenCent,core,core,2,0
PostgreSQL,2015-12-05,15401,Mail Count,core,core,2,0
PostgreSQL,2015-12-05,15401,VCS Degree,core,core,2,0
PostgreSQL,2015-12-05,15402,VCS Hierarchy,peripheral,core,2,0
PostgreSQL,2015-12-05,15402,VCS EigenCent,core,core,2,0
PostgreSQL,2015-12-05,15402,Mail Count,core,core,2,0
PostgreSQL,2015-12-05,15402,Mail Degree,core,core,2,0
PostgreSQL,2015-12-05,15402,VCS Degree,peripheral,core,2,0
PostgreSQL,2015-12-05,15402,LOC Count,peripheral,core,2,0
PostgreSQL,2015-12-05,15402,Commit Count,peripheral,core,2,0
PostgreSQL,2015-12-05,15402,Mail EigenCent,core,core,2,0
PostgreSQL,2015-12-05,15403,VCS Hierarchy,peripheral,peripheral,1,1
PostgreSQL,2015-12-05,15403,LOC Count,peripheral,peripheral,1,1
PostgreSQL,2015-12-05,15403,VCS EigenCent,peripheral,peripheral,1,1
PostgreSQL,2015-12-05,15403,Mail Count,core,peripheral,1,1
PostgreSQL,2015-12-05,15403,Commit Count,peripheral,peripheral,1,1
PostgreSQL,2015-12-05,15403,Mail Degree,core,peripheral,1,1
PostgreSQL,2015-12-05,15403,Mail EigenCent,core,peripheral,1,1
PostgreSQL,2015-12-05,15403,VCS Degree,peripheral,peripheral,1,1
PostgreSQL,2015-12-05,15407,VCS Hierarchy,peripheral,core,2,0
PostgreSQL,2015-12-05,15407,LOC Count,peripheral,core,2,0
PostgreSQL,2015-12-05,15407,Mail Count,core,core,2,0
PostgreSQL,2015-12-05,15407,VCS EigenCent,peripheral,core,2,0
PostgreSQL,2015-12-05,15407,Commit Count,peripheral,core,2,0
PostgreSQL,2015-12-05,15407,Mail Degree,core,core,2,0
PostgreSQL,2015-12-05,15407,Mail EigenCent,core,core,2,0
PostgreSQL,2015-12-05,15407,VCS Degree,peripheral,core,2,0
PostgreSQL,2015-12-05,15408,Commit Count,peripheral,peripheral,1,1
PostgreSQL,2015-12-05,15408,VCS Degree,peripheral,peripheral,1,1
PostgreSQL,2015-12-05,15408,LOC Count,peripheral,peripheral,1,1
PostgreSQL,2015-12-05,15408,Mail Count,peripheral,peripheral,1,1
PostgreSQL,2015-12-05,15408,VCS EigenCent,peripheral,peripheral,1,1
PostgreSQL,2015-12-05,15408,VCS Hierarchy,peripheral,peripheral,1,1
PostgreSQL,2015-12-05,15408,Mail Degree,peripheral,peripheral,1,1
PostgreSQL,2015-12-05,15408,Mail EigenCent,peripheral,peripheral,1,1
PostgreSQL,2015-12-05,15409,LOC Count,peripheral,peripheral,0,2
PostgreSQL,2015-12-05,15409,VCS Hierarchy,peripheral,peripheral,0,2
PostgreSQL,2015-12-05,15409,Commit Count,peripheral,peripheral,0,2
PostgreSQL,2015-12-05,15409,VCS EigenCent,peripheral,peripheral,0,2
PostgreSQL,2015-12-05,15409,VCS Degree,peripheral,peripheral,0,2
LLVM,2015-11-02,1596,Mail Count,core,core,2,0
LLVM,2015-11-02,1596,VCS Degree,core,core,2,0
LLVM,2015-11-02,1596,LOC Count,core,core,2,0
LLVM,2015-11-02,1596,Mail EigenCent,core,core,2,0
LLVM,2015-11-02,1596,Commit Count,core,core,2,0
LLVM,2015-11-02,1596,Mail Degree,core,core,2,0
LLVM,2015-11-02,1596,VCS Hierarchy,core,core,2,0
LLVM,2015-11-02,1596,VCS EigenCent,core,core,2,0
LLVM,2015-11-02,1629,VCS Hierarchy,core,core,1,0
LLVM,2015-11-02,1629,VCS EigenCent,core,core,1,0
LLVM,2015-11-02,1629,VCS Degree,core,core,1,0
LLVM,2015-11-02,1629,Commit Count,core,core,1,0
LLVM,2015-11-02,1629,LOC Count,core,core,1,0
LLVM,2015-11-02,1639,VCS Degree,peripheral,peripheral,0,1
LLVM,2015-11-02,1639,VCS Hierarchy,peripheral,peripheral,0,1
LLVM,2015-11-02,1639,VCS EigenCent,peripheral,peripheral,0,1
LLVM,2015-11-02,1639,LOC Count,peripheral,peripheral,0,1
LLVM,2015-11-02,1639,Commit Count,peripheral,peripheral,0,1
LLVM,2015-11-02,1657,Mail Count,core,core,1,0
LLVM,2015-11-02,1657,Mail Degree,core,core,1,0
LLVM,2015-11-02,1657,Commit Count,core,core,1,0
LLVM,2015-11-02,1657,Mail EigenCent,core,core,1,0
LLVM,2015-11-02,1657,VCS EigenCent,core,core,1,0
LLVM,2015-11-02,1657,VCS Degree,core,core,1,0
LLVM,2015-11-02,1657,VCS Hierarchy,core,core,1,0
LLVM,2015-11-02,1657,LOC Count,peripheral,core,1,0
LLVM,2015-11-02,1673,VCS Degree,peripheral,core,8,2
LLVM,2015-11-02,1673,LOC Count,peripheral,core,8,2
LLVM,2015-11-02,1673,VCS Hierarchy,peripheral,core,8,2
LLVM,2015-11-02,1673,VCS EigenCent,peripheral,core,8,2
LLVM,2015-11-02,1673,Commit Count,peripheral,core,8,2
LLVM,2015-11-02,1706,LOC Count,peripheral,core,1,0
LLVM,2015-11-02,1706,VCS EigenCent,peripheral,core,1,0
LLVM,2015-11-02,1706,Mail EigenCent,core,core,1,0
LLVM,2015-11-02,1706,VCS Degree,peripheral,core,1,0
LLVM,2015-11-02,1706,Mail Degree,core,core,1,0
LLVM,2015-11-02,1706,Commit Count,peripheral,core,1,0
LLVM,2015-11-02,1706,VCS Hierarchy,peripheral,core,1,0
LLVM,2015-11-02,1706,Mail Count,peripheral,core,1,0
LLVM,2015-11-02,1721,Commit Count,core,core,1,0
LLVM,2015-11-02,1721,VCS Hierarchy,peripheral,core,1,0
LLVM,2015-11-02,1721,VCS Degree,peripheral,core,1,0
LLVM,2015-11-02,1721,LOC Count,core,core,1,0
LLVM,2015-11-02,1721,VCS EigenCent,peripheral,core,1,0
LLVM,2015-11-02,1736,VCS EigenCent,peripheral,core,1,0
LLVM,2015-11-02,1736,VCS Degree,peripheral,core,1,0
LLVM,2015-11-02,1736,LOC Count,peripheral,core,1,0
LLVM,2015-11-02,1736,Commit Count,peripheral,core,1,0
LLVM,2015-11-02,1736,VCS Hierarchy,peripheral,core,1,0
LLVM,2015-11-02,1845,VCS EigenCent,peripheral,core,8,0
LLVM,2015-11-02,1845,LOC Count,peripheral,core,8,0
LLVM,2015-11-02,1845,VCS Degree,peripheral,core,8,0
LLVM,2015-11-02,1845,Mail Count,peripheral,core,8,0
LLVM,2015-11-02,1845,Mail Degree,core,core,8,0
LLVM,2015-11-02,1845,Mail EigenCent,peripheral,core,8,0
LLVM,2015-11-02,1845,VCS Hierarchy,peripheral,core,8,0
LLVM,2015-11-02,1845,Commit Count,core,core,8,0
LLVM,2015-11-02,1852,Mail Count,core,core,11,0
LLVM,2015-11-02,1852,LOC Count,core,core,11,0
LLVM,2015-11-02,1852,VCS Degree,core,core,11,0
LLVM,2015-11-02,1852,VCS Hierarchy,core,core,11,0
LLVM,2015-11-02,1852,Mail Degree,core,core,11,0
LLVM,2015-11-02,1852,VCS EigenCent,core,core,11,0
LLVM,2015-11-02,1852,Commit Count,core,core,11,0
LLVM,2015-11-02,1852,Mail EigenCent,core,core,11,0
LLVM,2015-11-02,1964,VCS Hierarchy,peripheral,core,1,0
LLVM,2015-11-02,1964,VCS EigenCent,peripheral,core,1,0
LLVM,2015-11-02,1964,LOC Count,peripheral,core,1,0
LLVM,2015-11-02,1964,VCS Degree,peripheral,core,1,0
LLVM,2015-11-02,1964,Commit Count,peripheral,core,1,0
LLVM,2015-11-02,1965,VCS EigenCent,peripheral,peripheral,3,3
LLVM,2015-11-02,1965,VCS Hierarchy,core,peripheral,3,3
LLVM,2015-11-02,1965,Commit Count,core,peripheral,3,3
LLVM,2015-11-02,1965,Mail Degree,peripheral,peripheral,3,3
LLVM,2015-11-02,1965,LOC Count,core,peripheral,3,3
LLVM,2015-11-02,1965,Mail EigenCent,peripheral,peripheral,3,3
LLVM,2015-11-02,1965,VCS Degree,peripheral,peripheral,3,3
LLVM,2015-11-02,1965,Mail Count,peripheral,peripheral,3,3
LLVM,2015-11-02,1969,VCS Degree,peripheral,peripheral,0,5
LLVM,2015-11-02,1969,Mail Count,peripheral,peripheral,0,5
LLVM,2015-11-02,1969,VCS EigenCent,peripheral,peripheral,0,5
LLVM,2015-11-02,1969,LOC Count,peripheral,peripheral,0,5
LLVM,2015-11-02,1969,Commit Count,peripheral,peripheral,0,5
LLVM,2015-11-02,1969,VCS Hierarchy,peripheral,peripheral,0,5
LLVM,2015-11-02,1969,Mail EigenCent,peripheral,peripheral,0,5
LLVM,2015-11-02,1969,Mail Degree,peripheral,peripheral,0,5
LLVM,2015-11-02,1993,Mail Count,peripheral,peripheral,1,2
LLVM,2015-11-02,1993,VCS EigenCent,core,peripheral,1,2
LLVM,2015-11-02,1993,VCS Hierarchy,core,peripheral,1,2
LLVM,2015-11-02,1993,VCS Degree,peripheral,peripheral,1,2
LLVM,2015-11-02,1993,Commit Count,core,peripheral,1,2
LLVM,2015-11-02,1993,LOC Count,core,peripheral,1,2
LLVM,2015-11-02,2017,Mail Count,peripheral,peripheral,0,1
LLVM,2015-11-02,2017,VCS Hierarchy,peripheral,peripheral,0,1
LLVM,2015-11-02,2017,VCS Degree,peripheral,peripheral,0,1
LLVM,2015-11-02,2017,Mail Degree,peripheral,peripheral,0,1
LLVM,2015-11-02,2017,Mail EigenCent,peripheral,peripheral,0,1
LLVM,2015-11-02,2017,Commit Count,peripheral,peripheral,0,1
LLVM,2015-11-02,2017,VCS EigenCent,peripheral,peripheral,0,1
LLVM,2015-11-02,2017,LOC Count,peripheral,peripheral,0,1
LLVM,2015-11-02,2021,VCS Hierarchy,peripheral,core,1,0
LLVM,2015-11-02,2021,Mail EigenCent,peripheral,core,1,0
LLVM,2015-11-02,2021,VCS EigenCent,peripheral,core,1,0
LLVM,2015-11-02,2021,Mail Count,peripheral,core,1,0
LLVM,2015-11-02,2021,LOC Count,peripheral,core,1,0
LLVM,2015-11-02,2021,Commit Count,peripheral,core,1,0
LLVM,2015-11-02,2021,Mail Degree,peripheral,core,1,0
LLVM,2015-11-02,2021,VCS Degree,peripheral,core,1,0
LLVM,2015-11-02,2038,VCS Hierarchy,peripheral,peripheral,1,1
LLVM,2015-11-02,2038,LOC Count,peripheral,peripheral,1,1
LLVM,2015-11-02,2038,Commit Count,peripheral,peripheral,1,1
LLVM,2015-11-02,2038,VCS EigenCent,peripheral,peripheral,1,1
LLVM,2015-11-02,2038,VCS Degree,peripheral,peripheral,1,1
LLVM,2015-11-02,2039,LOC Count,peripheral,peripheral,0,2
LLVM,2015-11-02,2039,Mail EigenCent,core,peripheral,0,2
LLVM,2015-11-02,2039,VCS Hierarchy,peripheral,peripheral,0,2
LLVM,2015-11-02,2039,VCS EigenCent,core,peripheral,0,2
LLVM,2015-11-02,2039,VCS Degree,core,peripheral,0,2
LLVM,2015-11-02,2039,Mail Count,core,peripheral,0,2
LLVM,2015-11-02,2039,Commit Count,peripheral,peripheral,0,2
LLVM,2015-11-02,2039,Mail Degree,core,peripheral,0,2
LLVM,2015-11-02,2042,VCS Hierarchy,peripheral,peripheral,1,2
LLVM,2015-11-02,2042,Commit Count,peripheral,peripheral,1,2
LLVM,2015-11-02,2042,VCS EigenCent,peripheral,peripheral,1,2
LLVM,2015-11-02,2042,VCS Degree,peripheral,peripheral,1,2
LLVM,2015-11-02,2042,LOC Count,peripheral,peripheral,1,2
LLVM,2015-11-02,2047,Mail Count,peripheral,peripheral,0,1
LLVM,2015-11-02,2047,Commit Count,peripheral,peripheral,0,1
LLVM,2015-11-02,2047,LOC Count,peripheral,peripheral,0,1
LLVM,2015-11-02,2047,VCS Degree,peripheral,peripheral,0,1
LLVM,2015-11-02,2047,Mail EigenCent,peripheral,peripheral,0,1
LLVM,2015-11-02,2047,VCS EigenCent,peripheral,peripheral,0,1
LLVM,2015-11-02,2047,VCS Hierarchy,peripheral,peripheral,0,1
LLVM,2015-11-02,2047,Mail Degree,peripheral,peripheral,0,1
QEMU,2015-11-02,258,VCS EigenCent,peripheral,core,2,0
QEMU,2015-11-02,258,Mail Degree,core,core,2,0
QEMU,2015-11-02,258,Commit Count,peripheral,core,2,0
QEMU,2015-11-02,258,Mail Count,peripheral,core,2,0
QEMU,2015-11-02,258,Mail EigenCent,core,core,2,0
QEMU,2015-11-02,258,VCS Hierarchy,peripheral,core,2,0
QEMU,2015-11-02,258,VCS Degree,peripheral,core,2,0
QEMU,2015-11-02,258,LOC Count,peripheral,core,2,0
QEMU,2015-11-02,264,VCS EigenCent,peripheral,core,3,0
QEMU,2015-11-02,264,LOC Count,peripheral,core,3,0
QEMU,2015-11-02,264,Mail Count,core,core,3,0
QEMU,2015-11-02,264,VCS Hierarchy,peripheral,core,3,0
QEMU,2015-11-02,264,Mail Degree,core,core,3,0
QEMU,2015-11-02,264,Commit Count,core,core,3,0
QEMU,2015-11-02,264,Mail EigenCent,core,core,3,0
QEMU,2015-11-02,264,VCS Degree,peripheral,core,3,0
QEMU,2015-11-02,280,Commit Count,peripheral,peripheral,0,1
QEMU,2015-11-02,280,VCS EigenCent,core,peripheral,0,1
QEMU,2015-11-02,280,LOC Count,peripheral,peripheral,0,1
QEMU,2015-11-02,280,VCS Degree,peripheral,peripheral,0,1
QEMU,2015-11-02,280,VCS Hierarchy,peripheral,peripheral,0,1
Wine,2015-11-06,3894,Mail Degree,core,peripheral,0,1
Wine,2015-11-06,3894,Mail Count,peripheral,peripheral,0,1
Wine,2015-11-06,3894,Mail EigenCent,peripheral,peripheral,0,1
Wine,2015-11-06,3894,VCS Hierarchy,peripheral,peripheral,0,1
Wine,2015-11-06,3894,VCS Degree,peripheral,peripheral,0,1
Wine,2015-11-06,3894,LOC Count,peripheral,peripheral,0,1
Wine,2015-11-06,3894,Commit Count,peripheral,peripheral,0,1
Wine,2015-11-06,3894,VCS EigenCent,peripheral,peripheral,0,1
Wine,2015-11-06,3931,Mail Count,core,core,8,2
Wine,2015-11-06,3931,VCS Hierarchy,core,core,8,2
Wine,2015-11-06,3931,LOC Count,peripheral,core,8,2
Wine,2015-11-06,3931,Commit Count,peripheral,core,8,2
Wine,2015-11-06,3931,VCS EigenCent,peripheral,core,8,2
Wine,2015-11-06,3931,Mail Degree,core,core,8,2
Wine,2015-11-06,3931,Mail EigenCent,core,core,8,2
Wine,2015-11-06,3931,VCS Degree,core,core,8,2
Wine,2015-11-06,3986,Mail EigenCent,peripheral,core,8,2
Wine,2015-11-06,3986,VCS EigenCent,core,core,8,2
Wine,2015-11-06,3986,Mail Degree,core,core,8,2
Wine,2015-11-06,3986,VCS Hierarchy,core,core,8,2
Wine,2015-11-06,3986,Commit Count,core,core,8,2
Wine,2015-11-06,3986,Mail Count,core,core,8,2
Wine,2015-11-06,3986,VCS Degree,core,core,8,2
Wine,2015-11-06,3986,LOC Count,core,core,8,2
Wine,2015-11-06,4239,Commit Count,core,core,1,0
Wine,2015-11-06,4239,Mail Degree,peripheral,core,1,0
Wine,2015-11-06,4239,Mail EigenCent,peripheral,core,1,0
Wine,2015-11-06,4239,VCS Degree,core,core,1,0
Wine,2015-11-06,4239,Mail Count,peripheral,core,1,0
Wine,2015-11-06,4239,LOC Count,core,core,1,0
Wine,2015-11-06,4239,VCS EigenCent,peripheral,core,1,0
Wine,2015-11-06,4239,VCS Hierarchy,peripheral,core,1,0
Wine,2015-11-06,4459,Mail EigenCent,peripheral,core,12,1
Wine,2015-11-06,4459,LOC Count,peripheral,core,12,1
Wine,2015-11-06,4459,VCS Hierarchy,core,core,12,1
Wine,2015-11-06,4459,Mail Degree,peripheral,core,12,1
Wine,2015-11-06,4459,VCS EigenCent,peripheral,core,12,1
Wine,2015-11-06,4459,VCS Degree,core,core,12,1
Wine,2015-11-06,4459,Commit Count,peripheral,core,12,1
Wine,2015-11-06,4459,Mail Count,core,core,12,1
Wine,2015-11-06,4779,VCS EigenCent,core,core,10,1
Wine,2015-11-06,4779,VCS Degree,core,core,10,1
Wine,2015-11-06,4779,Mail EigenCent,peripheral,core,10,1
Wine,2015-11-06,4779,Mail Count,core,core,10,1
Wine,2015-11-06,4779,VCS Hierarchy,core,core,10,1
Wine,2015-11-06,4779,LOC Count,core,core,10,1
Wine,2015-11-06,4779,Commit Count,core,core,10,1
Wine,2015-11-06,4779,Mail Degree,core,core,10,1
Wine,2015-11-06,4791,VCS Hierarchy,peripheral,core,1,0
Wine,2015-11-06,4791,Mail Degree,core,core,1,0
Wine,2015-11-06,4791,LOC Count,peripheral,core,1,0
Wine,2015-11-06,4791,VCS Degree,peripheral,core,1,0
Wine,2015-11-06,4791,VCS EigenCent,peripheral,core,1,0
Wine,2015-11-06,4791,Mail EigenCent,peripheral,core,1,0
Wine,2015-11-06,4791,Commit Count,peripheral,core,1,0
Wine,2015-11-06,4791,Mail Count,peripheral,core,1,0
Wine,2015-11-06,4873,Mail Count,core,core,12,0
Wine,2015-11-06,4873,Commit Count,core,core,12,0
Wine,2015-11-06,4873,VCS EigenCent,peripheral,core,12,0
Wine,2015-11-06,4873,Mail Degree,core,core,12,0
Wine,2015-11-06,4873,VCS Degree,core,core,12,0
Wine,2015-11-06,4873,Mail EigenCent,core,core,12,0
Wine,2015-11-06,4873,LOC Count,core,core,12,0
Wine,2015-11-06,4873,VCS Hierarchy,core,core,12,0
Wine,2015-11-06,4914,LOC Count,core,core,8,2
Wine,2015-11-06,4914,VCS Hierarchy,core,core,8,2
Wine,2015-11-06,4914,Mail Count,core,core,8,2
Wine,2015-11-06,4914,VCS Degree,peripheral,core,8,2
Wine,2015-11-06,4914,Mail Degree,core,core,8,2
Wine,2015-11-06,4914,Commit Count,core,core,8,2
Wine,2015-11-06,4914,VCS EigenCent,core,core,8,2
Wine,2015-11-06,4914,Mail EigenCent,peripheral,core,8,2
QEMU,2015-11-02,496,VCS EigenCent,peripheral,core,1,0
QEMU,2015-11-02,496,Mail Count,peripheral,core,1,0
QEMU,2015-11-02,496,VCS Degree,peripheral,core,1,0
QEMU,2015-11-02,496,Mail Degree,peripheral,core,1,0
QEMU,2015-11-02,496,VCS Hierarchy,peripheral,core,1,0
QEMU,2015-11-02,496,Mail EigenCent,peripheral,core,1,0
QEMU,2015-11-02,496,LOC Count,peripheral,core,1,0
QEMU,2015-11-02,496,Commit Count,peripheral,core,1,0
Wine,2015-11-06,5106,LOC Count,peripheral,peripheral,1,7
Wine,2015-11-06,5106,Mail EigenCent,peripheral,peripheral,1,7
Wine,2015-11-06,5106,VCS EigenCent,peripheral,peripheral,1,7
Wine,2015-11-06,5106,Commit Count,peripheral,peripheral,1,7
Wine,2015-11-06,5106,Mail Degree,peripheral,peripheral,1,7
Wine,2015-11-06,5106,VCS Hierarchy,peripheral,peripheral,1,7
Wine,2015-11-06,5106,VCS Degree,peripheral,peripheral,1,7
Wine,2015-11-06,5106,Mail Count,peripheral,peripheral,1,7
Wine,2015-11-06,5116,Mail Count,core,peripheral,0,1
Wine,2015-11-06,5116,VCS EigenCent,peripheral,peripheral,0,1
Wine,2015-11-06,5116,Commit Count,core,peripheral,0,1
Wine,2015-11-06,5116,VCS Degree,peripheral,peripheral,0,1
Wine,2015-11-06,5116,VCS Hierarchy,peripheral,peripheral,0,1
Wine,2015-11-06,5116,Mail EigenCent,core,peripheral,0,1
Wine,2015-11-06,5116,LOC Count,peripheral,peripheral,0,1
Wine,2015-11-06,5116,Mail Degree,core,peripheral,0,1
Wine,2015-11-06,5132,LOC Count,peripheral,core,1,0
Wine,2015-11-06,5132,Commit Count,peripheral,core,1,0
Wine,2015-11-06,5132,Mail Degree,peripheral,core,1,0
Wine,2015-11-06,5132,Mail EigenCent,peripheral,core,1,0
Wine,2015-11-06,5132,VCS Degree,peripheral,core,1,0
Wine,2015-11-06,5132,VCS EigenCent,peripheral,core,1,0
Wine,2015-11-06,5132,VCS Hierarchy,peripheral,core,1,0
Wine,2015-11-06,5132,Mail Count,peripheral,core,1,0
QEMU,2015-11-02,518,VCS Degree,peripheral,peripheral,1,1
QEMU,2015-11-02,518,LOC Count,peripheral,peripheral,1,1
QEMU,2015-11-02,518,VCS EigenCent,peripheral,peripheral,1,1
QEMU,2015-11-02,518,Commit Count,peripheral,peripheral,1,1
QEMU,2015-11-02,518,VCS Hierarchy,peripheral,peripheral,1,1
QEMU,2015-11-02,52,Mail EigenCent,core,core,1,0
QEMU,2015-11-02,52,Mail Count,core,core,1,0
QEMU,2015-11-02,52,Mail Degree,core,core,1,0
QEMU,2015-11-02,52,VCS Hierarchy,core,core,1,0
QEMU,2015-11-02,52,Commit Count,core,core,1,0
QEMU,2015-11-02,52,LOC Count,core,core,1,0
QEMU,2015-11-02,52,VCS Degree,core,core,1,0
QEMU,2015-11-02,52,VCS EigenCent,core,core,1,0
QEMU,2015-11-02,521,Mail Degree,core,core,2,1
QEMU,2015-11-02,521,VCS EigenCent,core,core,2,1
QEMU,2015-11-02,521,VCS Hierarchy,core,core,2,1
QEMU,2015-11-02,521,Mail Count,core,core,2,1
QEMU,2015-11-02,521,Mail EigenCent,core,core,2,1
QEMU,2015-11-02,521,LOC Count,core,core,2,1
QEMU,2015-11-02,521,VCS Degree,core,core,2,1
QEMU,2015-11-02,521,Commit Count,core,core,2,1
Wine,2015-11-06,5222,Mail Degree,peripheral,peripheral,0,1
Wine,2015-11-06,5222,Mail Count,peripheral,peripheral,0,1
Wine,2015-11-06,5222,VCS EigenCent,core,peripheral,0,1
Wine,2015-11-06,5222,LOC Count,peripheral,peripheral,0,1
Wine,2015-11-06,5222,VCS Degree,core,peripheral,0,1
Wine,2015-11-06,5222,Mail EigenCent,peripheral,peripheral,0,1
Wine,2015-11-06,5222,VCS Hierarchy,core,peripheral,0,1
Wine,2015-11-06,5222,Commit Count,peripheral,peripheral,0,1
Wine,2015-11-06,5236,VCS EigenCent,peripheral,peripheral,0,5
Wine,2015-11-06,5236,LOC Count,peripheral,peripheral,0,5
Wine,2015-11-06,5236,Mail Count,peripheral,peripheral,0,5
Wine,2015-11-06,5236,Mail EigenCent,peripheral,peripheral,0,5
Wine,2015-11-06,5236,Mail Degree,peripheral,peripheral,0,5
Wine,2015-11-06,5236,Commit Count,peripheral,peripheral,0,5
Wine,2015-11-06,5236,VCS Degree,peripheral,peripheral,0,5
Wine,2015-11-06,5236,VCS Hierarchy,peripheral,peripheral,0,5
Wine,2015-11-06,5243,VCS Degree,peripheral,peripheral,0,1
Wine,2015-11-06,5243,VCS EigenCent,peripheral,peripheral,0,1
Wine,2015-11-06,5243,Commit Count,peripheral,peripheral,0,1
Wine,2015-11-06,5243,Mail EigenCent,peripheral,peripheral,0,1
Wine,2015-11-06,5243,VCS Hierarchy,peripheral,peripheral,0,1
Wine,2015-11-06,5243,Mail Degree,peripheral,peripheral,0,1
Wine,2015-11-06,5243,LOC Count,peripheral,peripheral,0,1
Wine,2015-11-06,5243,Mail Count,peripheral,peripheral,0,1
Wine,2015-11-06,5257,Commit Count,peripheral,peripheral,0,5
Wine,2015-11-06,5257,Mail Degree,peripheral,peripheral,0,5
Wine,2015-11-06,5257,VCS EigenCent,peripheral,peripheral,0,5
Wine,2015-11-06,5257,Mail Count,peripheral,peripheral,0,5
Wine,2015-11-06,5257,Mail EigenCent,peripheral,peripheral,0,5
Wine,2015-11-06,5257,VCS Degree,peripheral,peripheral,0,5
Wine,2015-11-06,5257,VCS Hierarchy,peripheral,peripheral,0,5
Wine,2015-11-06,5257,LOC Count,peripheral,peripheral,0,5
FFmpeg,2015-11-08,5308,VCS Degree,core,core,1,0
FFmpeg,2015-11-08,5308,VCS Hierarchy,core,core,1,0
FFmpeg,2015-11-08,5308,Mail Count,core,core,1,0
FFmpeg,2015-11-08,5308,Mail EigenCent,core,core,1,0
FFmpeg,2015-11-08,5308,Commit Count,core,core,1,0
FFmpeg,2015-11-08,5308,VCS EigenCent,core,core,1,0
FFmpeg,2015-11-08,5308,Mail Degree,core,core,1,0
FFmpeg,2015-11-08,5308,LOC Count,core,core,1,0
FFmpeg,2015-11-08,5325,Commit Count,core,peripheral,0,1
FFmpeg,2015-11-08,5325,VCS EigenCent,core,peripheral,0,1
FFmpeg,2015-11-08,5325,VCS Degree,core,peripheral,0,1
FFmpeg,2015-11-08,5325,LOC Count,core,peripheral,0,1
FFmpeg,2015-11-08,5325,VCS Hierarchy,core,peripheral,0,1
FFmpeg,2015-11-08,5340,VCS EigenCent,peripheral,core,1,0
FFmpeg,2015-11-08,5340,VCS EigenCent,peripheral,peripheral,0,5
FFmpeg,2015-11-08,5340,VCS Degree,peripheral,core,1,0
FFmpeg,2015-11-08,5340,VCS Degree,peripheral,peripheral,0,5
FFmpeg,2015-11-08,5340,Commit Count,core,core,1,0
FFmpeg,2015-11-08,5340,Commit Count,core,peripheral,0,5
FFmpeg,2015-11-08,5340,LOC Count,peripheral,core,1,0
FFmpeg,2015-11-08,5340,LOC Count,peripheral,peripheral,0,5
FFmpeg,2015-11-08,5340,VCS Hierarchy,peripheral,core,1,0
FFmpeg,2015-11-08,5340,VCS Hierarchy,peripheral,peripheral,0,5
QEMU,2015-11-02,56,Mail Count,core,core,3,0
QEMU,2015-11-02,56,Mail Degree,core,core,3,0
QEMU,2015-11-02,56,Commit Count,core,core,3,0
QEMU,2015-11-02,56,VCS Hierarchy,core,core,3,0
QEMU,2015-11-02,56,LOC Count,core,core,3,0
QEMU,2015-11-02,56,VCS Degree,core,core,3,0
QEMU,2015-11-02,56,Mail EigenCent,core,core,3,0
QEMU,2015-11-02,56,VCS EigenCent,core,core,3,0
FFmpeg,2015-11-08,5889,VCS EigenCent,core,core,3,0
FFmpeg,2015-11-08,5889,VCS Hierarchy,core,core,3,0
FFmpeg,2015-11-08,5889,Mail Count,core,core,3,0
FFmpeg,2015-11-08,5889,Mail Degree,core,core,3,0
FFmpeg,2015-11-08,5889,LOC Count,core,core,3,0
FFmpeg,2015-11-08,5889,Commit Count,core,core,3,0
FFmpeg,2015-11-08,5889,VCS Degree,core,core,3,0
FFmpeg,2015-11-08,5889,Mail EigenCent,core,core,3,0
FFmpeg,2015-11-08,6100,Mail EigenCent,core,core,1,0
FFmpeg,2015-11-08,6100,VCS Hierarchy,core,core,1,0
FFmpeg,2015-11-08,6100,Mail Degree,core,core,1,0
FFmpeg,2015-11-08,6100,VCS EigenCent,core,core,1,0
FFmpeg,2015-11-08,6100,VCS Degree,core,core,1,0
FFmpeg,2015-11-08,6100,Mail Count,core,core,1,0
FFmpeg,2015-11-08,6100,LOC Count,core,core,1,0
FFmpeg,2015-11-08,6100,Commit Count,core,core,1,0
FFmpeg,2015-11-08,6107,Commit Count,core,peripheral,0,1
FFmpeg,2015-11-08,6107,Mail Count,core,peripheral,0,1
FFmpeg,2015-11-08,6107,Mail Degree,core,peripheral,0,1
FFmpeg,2015-11-08,6107,VCS Hierarchy,core,peripheral,0,1
FFmpeg,2015-11-08,6107,Mail EigenCent,core,peripheral,0,1
FFmpeg,2015-11-08,6107,VCS EigenCent,peripheral,peripheral,0,1
FFmpeg,2015-11-08,6107,VCS Degree,core,peripheral,0,1
FFmpeg,2015-11-08,6107,LOC Count,peripheral,peripheral,0,1
FFmpeg,2015-11-08,6311,Mail EigenCent,core,peripheral,0,1
FFmpeg,2015-11-08,6311,VCS EigenCent,peripheral,peripheral,0,1
FFmpeg,2015-11-08,6311,Commit Count,core,peripheral,0,1
FFmpeg,2015-11-08,6311,LOC Count,peripheral,peripheral,0,1
FFmpeg,2015-11-08,6311,VCS Degree,core,peripheral,0,1
FFmpeg,2015-11-08,6311,Mail Degree,core,peripheral,0,1
FFmpeg,2015-11-08,6311,VCS Hierarchy,core,peripheral,0,1
FFmpeg,2015-11-08,6311,Mail Count,core,peripheral,0,1
FFmpeg,2015-11-08,6460,VCS Degree,peripheral,peripheral,0,1
FFmpeg,2015-11-08,6460,LOC Count,peripheral,peripheral,0,1
FFmpeg,2015-11-08,6460,Commit Count,peripheral,peripheral,0,1
FFmpeg,2015-11-08,6460,VCS EigenCent,peripheral,peripheral,0,1
FFmpeg,2015-11-08,6460,VCS Hierarchy,peripheral,peripheral,0,1
FFmpeg,2015-11-08,6528,VCS Hierarchy,peripheral,peripheral,0,1
FFmpeg,2015-11-08,6528,Mail Count,peripheral,peripheral,0,1
FFmpeg,2015-11-08,6528,Mail EigenCent,peripheral,peripheral,0,1
FFmpeg,2015-11-08,6528,VCS EigenCent,peripheral,peripheral,0,1
FFmpeg,2015-11-08,6528,Mail Degree,peripheral,peripheral,0,1
FFmpeg,2015-11-08,6528,Commit Count,peripheral,peripheral,0,1
FFmpeg,2015-11-08,6528,LOC Count,peripheral,peripheral,0,1
FFmpeg,2015-11-08,6528,VCS Degree,peripheral,peripheral,0,1
FFmpeg,2015-11-08,6553,VCS Degree,peripheral,peripheral,0,1
FFmpeg,2015-11-08,6553,Commit Count,peripheral,peripheral,0,1
FFmpeg,2015-11-08,6553,VCS Hierarchy,peripheral,peripheral,0,1
FFmpeg,2015-11-08,6553,VCS EigenCent,peripheral,peripheral,0,1
FFmpeg,2015-11-08,6553,LOC Count,peripheral,peripheral,0,1
Linux,2015-12-05,7090,Commit Count,core,peripheral,0,1
Linux,2015-12-05,7090,Mail Degree,peripheral,peripheral,0,1
Linux,2015-12-05,7090,VCS EigenCent,core,peripheral,0,1
Linux,2015-12-05,7090,Mail EigenCent,core,peripheral,0,1
Linux,2015-12-05,7090,LOC Count,core,peripheral,0,1
Linux,2015-12-05,7090,VCS Hierarchy,peripheral,peripheral,0,1
Linux,2015-12-05,7090,Mail Count,core,peripheral,0,1
Linux,2015-12-05,7090,VCS Degree,peripheral,peripheral,0,1
Linux,2015-12-05,7117,LOC Count,core,core,1,0
Linux,2015-12-05,7117,Mail Degree,peripheral,core,1,0
Linux,2015-12-05,7117,VCS Degree,core,core,1,0
Linux,2015-12-05,7117,VCS Hierarchy,core,core,1,0
Linux,2015-12-05,7117,Mail EigenCent,peripheral,core,1,0
Linux,2015-12-05,7117,Commit Count,core,core,1,0
Linux,2015-12-05,7117,VCS EigenCent,core,core,1,0
Linux,2015-12-05,7117,Mail Count,peripheral,core,1,0
Linux,2015-12-05,7154,Mail Degree,core,core,17,2
Linux,2015-12-05,7154,Mail Degree,core,core,4,0
Linux,2015-12-05,7154,VCS Degree,core,core,17,2
Linux,2015-12-05,7154,VCS Degree,core,core,4,0
Linux,2015-12-05,7154,Commit Count,core,core,17,2
Linux,2015-12-05,7154,Commit Count,core,core,4,0
Linux,2015-12-05,7154,VCS EigenCent,core,core,17,2
Linux,2015-12-05,7154,VCS EigenCent,core,core,4,0
Linux,2015-12-05,7154,Mail Count,core,core,17,2
Linux,2015-12-05,7154,Mail Count,core,core,4,0
Linux,2015-12-05,7154,Mail EigenCent,core,core,17,2
Linux,2015-12-05,7154,Mail EigenCent,core,core,4,0
Linux,2015-12-05,7154,LOC Count,core,core,17,2
Linux,2015-12-05,7154,LOC Count,core,core,4,0
Linux,2015-12-05,7154,VCS Hierarchy,core,core,17,2
Linux,2015-12-05,7154,VCS Hierarchy,core,core,4,0
Linux,2015-12-05,7159,VCS Degree,peripheral,core,1,0
Linux,2015-12-05,7159,Mail Degree,core,core,1,0
Linux,2015-12-05,7159,VCS EigenCent,peripheral,core,1,0
Linux,2015-12-05,7159,Mail EigenCent,core,core,1,0
Linux,2015-12-05,7159,VCS Hierarchy,peripheral,core,1,0
Linux,2015-12-05,7159,Mail Count,core,core,1,0
Linux,2015-12-05,7159,Commit Count,peripheral,core,1,0
Linux,2015-12-05,7159,LOC Count,peripheral,core,1,0
Linux,2015-12-05,7231,LOC Count,core,core,1,0
Linux,2015-12-05,7231,Mail Count,core,core,1,0
Linux,2015-12-05,7231,VCS Hierarchy,core,core,1,0
Linux,2015-12-05,7231,Mail EigenCent,core,core,1,0
Linux,2015-12-05,7231,VCS EigenCent,core,core,1,0
Linux,2015-12-05,7231,VCS Degree,core,core,1,0
Linux,2015-12-05,7231,Commit Count,core,core,1,0
Linux,2015-12-05,7231,Mail Degree,core,core,1,0
Linux,2015-12-05,7294,Mail EigenCent,core,peripheral,0,1
Linux,2015-12-05,7294,Mail Degree,core,peripheral,0,1
Linux,2015-12-05,7294,VCS Degree,core,peripheral,0,1
Linux,2015-12-05,7294,LOC Count,peripheral,peripheral,0,1
Linux,2015-12-05,7294,VCS EigenCent,peripheral,peripheral,0,1
Linux,2015-12-05,7294,VCS Hierarchy,core,peripheral,0,1
Linux,2015-12-05,7294,Commit Count,core,peripheral,0,1
Linux,2015-12-05,7294,Mail Count,core,peripheral,0,1
Linux,2015-12-05,7315,Mail Degree,peripheral,core,1,0
Linux,2015-12-05,7315,Mail Count,peripheral,core,1,0
Linux,2015-12-05,7315,Commit Count,core,core,1,0
Linux,2015-12-05,7315,VCS Degree,core,core,1,0
Linux,2015-12-05,7315,VCS EigenCent,core,core,1,0
Linux,2015-12-05,7315,LOC Count,core,core,1,0
Linux,2015-12-05,7315,VCS Hierarchy,core,core,1,0
Linux,2015-12-05,7315,Mail EigenCent,peripheral,core,1,0
Linux,2015-12-05,7319,Mail Count,peripheral,peripheral,0,1
Linux,2015-12-05,7319,Mail Degree,core,peripheral,0,1
Linux,2015-12-05,7319,LOC Count,peripheral,peripheral,0,1
Linux,2015-12-05,7319,Mail EigenCent,peripheral,peripheral,0,1
Linux,2015-12-05,7319,VCS Hierarchy,peripheral,peripheral,0,1
Linux,2015-12-05,7319,VCS Degree,peripheral,peripheral,0,1
Linux,2015-12-05,7319,VCS EigenCent,peripheral,peripheral,0,1
Linux,2015-12-05,7319,Commit Count,core,peripheral,0,1
QEMU,2015-11-02,74,VCS Degree,core,core,1,0
QEMU,2015-11-02,74,Mail EigenCent,core,core,1,0
QEMU,2015-11-02,74,LOC Count,core,core,1,0
QEMU,2015-11-02,74,VCS EigenCent,core,core,1,0
QEMU,2015-11-02,74,Mail Count,core,core,1,0
QEMU,2015-11-02,74,VCS Hierarchy,core,core,1,0
QEMU,2015-11-02,74,Commit Count,core,core,1,0
QEMU,2015-11-02,74,Mail Degree,core,core,1,0
Linux,2015-12-05,7402,LOC Count,core,core,1,0
Linux,2015-12-05,7402,Mail Count,core,core,1,0
Linux,2015-12-05,7402,Mail Degree,core,core,1,0
Linux,2015-12-05,7402,VCS EigenCent,core,core,1,0
Linux,2015-12-05,7402,VCS Degree,core,core,1,0
Linux,2015-12-05,7402,Commit Count,core,core,1,0
Linux,2015-12-05,7402,Mail EigenCent,core,core,1,0
Linux,2015-12-05,7402,VCS Hierarchy,core,core,1,0
Linux,2015-12-05,7407,Mail Count,peripheral,core,1,0
Linux,2015-12-05,7407,Commit Count,core,core,1,0
Linux,2015-12-05,7407,Mail EigenCent,peripheral,core,1,0
Linux,2015-12-05,7407,VCS Degree,core,core,1,0
Linux,2015-12-05,7407,Mail Degree,peripheral,core,1,0
Linux,2015-12-05,7407,LOC Count,core,core,1,0
Linux,2015-12-05,7407,VCS Hierarchy,core,core,1,0
Linux,2015-12-05,7407,VCS EigenCent,core,core,1,0
Linux,2015-12-05,7412,LOC Count,core,core,1,0
Linux,2015-12-05,7412,Mail Count,peripheral,core,1,0
Linux,2015-12-05,7412,VCS Degree,core,core,1,0
Linux,2015-12-05,7412,Commit Count,core,core,1,0
Linux,2015-12-05,7412,VCS EigenCent,core,core,1,0
Linux,2015-12-05,7412,Mail Degree,core,core,1,0
Linux,2015-12-05,7412,VCS Hierarchy,core,core,1,0
Linux,2015-12-05,7412,Mail EigenCent,peripheral,core,1,0
Linux,2015-12-05,7416,LOC Count,core,core,1,0
Linux,2015-12-05,7416,Commit Count,core,core,1,0
Linux,2015-12-05,7416,VCS EigenCent,core,core,1,0
Linux,2015-12-05,7416,VCS Hierarchy,peripheral,core,1,0
Linux,2015-12-05,7416,VCS Degree,peripheral,core,1,0
Linux,2015-12-05,7437,VCS EigenCent,peripheral,peripheral,0,3
Linux,2015-12-05,7437,LOC Count,core,peripheral,0,3
Linux,2015-12-05,7437,Commit Count,core,peripheral,0,3
Linux,2015-12-05,7437,VCS Hierarchy,peripheral,peripheral,0,3
Linux,2015-12-05,7437,VCS Degree,peripheral,peripheral,0,3
Linux,2015-12-05,7454,Mail Count,core,peripheral,0,1
Linux,2015-12-05,7454,VCS EigenCent,peripheral,peripheral,0,1
Linux,2015-12-05,7454,Mail Degree,peripheral,peripheral,0,1
Linux,2015-12-05,7454,Mail EigenCent,peripheral,peripheral,0,1
Linux,2015-12-05,7454,Commit Count,core,peripheral,0,1
Linux,2015-12-05,7454,VCS Degree,peripheral,peripheral,0,1
Linux,2015-12-05,7454,LOC Count,core,peripheral,0,1
Linux,2015-12-05,7454,VCS Hierarchy,peripheral,peripheral,0,1
Linux,2015-12-05,7472,Mail EigenCent,peripheral,peripheral,2,4
Linux,2015-12-05,7472,Mail Count,peripheral,peripheral,2,4
Linux,2015-12-05,7472,VCS Degree,peripheral,peripheral,2,4
Linux,2015-12-05,7472,VCS EigenCent,peripheral,peripheral,2,4
Linux,2015-12-05,7472,LOC Count,core,peripheral,2,4
Linux,2015-12-05,7472,VCS Hierarchy,peripheral,peripheral,2,4
Linux,2015-12-05,7472,Commit Count,peripheral,peripheral,2,4
Linux,2015-12-05,7472,Mail Degree,peripheral,peripheral,2,4
Linux,2015-12-05,7480,VCS EigenCent,peripheral,peripheral,0,1
Linux,2015-12-05,7480,VCS Degree,peripheral,peripheral,0,1
Linux,2015-12-05,7480,VCS Hierarchy,peripheral,peripheral,0,1
Linux,2015-12-05,7480,LOC Count,peripheral,peripheral,0,1
Linux,2015-12-05,7480,Commit Count,peripheral,peripheral,0,1
Linux,2015-12-05,7551,Mail Count,core,core,1,0
Linux,2015-12-05,7551,Mail EigenCent,core,core,1,0
Linux,2015-12-05,7551,Mail Degree,peripheral,core,1,0
Linux,2015-12-05,7551,VCS Degree,core,core,1,0
Linux,2015-12-05,7551,LOC Count,peripheral,core,1,0
Linux,2015-12-05,7551,VCS EigenCent,peripheral,core,1,0
Linux,2015-12-05,7551,Commit Count,peripheral,core,1,0
Linux,2015-12-05,7551,VCS Hierarchy,core,core,1,0
Linux,2015-12-05,7598,LOC Count,peripheral,peripheral,0,1
Linux,2015-12-05,7598,Mail EigenCent,core,peripheral,0,1
Linux,2015-12-05,7598,VCS Hierarchy,core,peripheral,0,1
Linux,2015-12-05,7598,VCS EigenCent,peripheral,peripheral,0,1
Linux,2015-12-05,7598,Commit Count,peripheral,peripheral,0,1
Linux,2015-12-05,7598,Mail Count,peripheral,peripheral,0,1
Linux,2015-12-05,7598,Mail Degree,peripheral,peripheral,0,1
Linux,2015-12-05,7598,VCS Degree,peripheral,peripheral,0,1
Linux,2015-12-05,7601,Mail EigenCent,peripheral,core,1,0
Linux,2015-12-05,7601,VCS Hierarchy,peripheral,core,1,0
Linux,2015-12-05,7601,Commit Count,peripheral,core,1,0
Linux,2015-12-05,7601,LOC Count,peripheral,core,1,0
Linux,2015-12-05,7601,Mail Count,peripheral,core,1,0
Linux,2015-12-05,7601,VCS EigenCent,peripheral,core,1,0
Linux,2015-12-05,7601,Mail Degree,peripheral,core,1,0
Linux,2015-12-05,7601,VCS Degree,peripheral,core,1,0
Linux,2015-12-05,7651,Mail Degree,core,core,1,0
Linux,2015-12-05,7651,Mail Count,core,core,1,0
Linux,2015-12-05,7651,VCS Hierarchy,peripheral,core,1,0
Linux,2015-12-05,7651,Commit Count,core,core,1,0
Linux,2015-12-05,7651,VCS EigenCent,peripheral,core,1,0
Linux,2015-12-05,7651,VCS Degree,peripheral,core,1,0
Linux,2015-12-05,7651,LOC Count,peripheral,core,1,0
Linux,2015-12-05,7651,Mail EigenCent,core,core,1,0
Linux,2015-12-05,7667,Commit Count,core,core,14,11
Linux,2015-12-05,7667,Mail EigenCent,core,core,14,11
Linux,2015-12-05,7667,LOC Count,peripheral,core,14,11
Linux,2015-12-05,7667,VCS EigenCent,core,core,14,11
Linux,2015-12-05,7667,VCS Degree,core,core,14,11
Linux,2015-12-05,7667,Mail Degree,core,core,14,11
Linux,2015-12-05,7667,Mail Count,core,core,14,11
Linux,2015-12-05,7667,VCS Hierarchy,core,core,14,11
Linux,2015-12-05,7677,Commit Count,core,core,33,0
Linux,2015-12-05,7677,VCS Degree,core,core,33,0
Linux,2015-12-05,7677,VCS EigenCent,core,core,33,0
Linux,2015-12-05,7677,VCS Hierarchy,core,core,33,0
Linux,2015-12-05,7677,Mail EigenCent,core,core,33,0
Linux,2015-12-05,7677,Mail Count,core,core,33,0
Linux,2015-12-05,7677,Mail Degree,core,core,33,0
Linux,2015-12-05,7677,LOC Count,core,core,33,0
Linux,2015-12-05,7682,VCS EigenCent,peripheral,peripheral,0,1
Linux,2015-12-05,7682,Commit Count,peripheral,peripheral,0,1
Linux,2015-12-05,7682,VCS Hierarchy,core,peripheral,0,1
Linux,2015-12-05,7682,Mail Count,core,peripheral,0,1
Linux,2015-12-05,7682,VCS Degree,core,peripheral,0,1
Linux,2015-12-05,7682,LOC Count,peripheral,peripheral,0,1
Linux,2015-12-05,7682,Mail Degree,peripheral,peripheral,0,1
Linux,2015-12-05,7682,Mail EigenCent,peripheral,peripheral,0,1
Linux,2015-12-05,7715,Mail Degree,core,peripheral,0,1
Linux,2015-12-05,7715,VCS EigenCent,peripheral,peripheral,0,1
Linux,2015-12-05,7715,Mail EigenCent,peripheral,peripheral,0,1
Linux,2015-12-05,7715,Commit Count,peripheral,peripheral,0,1
Linux,2015-12-05,7715,LOC Count,core,peripheral,0,1
Linux,2015-12-05,7715,Mail Count,peripheral,peripheral,0,1
Linux,2015-12-05,7715,VCS Degree,peripheral,peripheral,0,1
Linux,2015-12-05,7715,VCS Hierarchy,peripheral,peripheral,0,1
Linux,2015-12-05,7737,VCS Degree,peripheral,peripheral,0,1
Linux,2015-12-05,7737,Mail Degree,peripheral,peripheral,0,1
Linux,2015-12-05,7737,VCS Hierarchy,peripheral,peripheral,0,1
Linux,2015-12-05,7737,Commit Count,peripheral,peripheral,0,1
Linux,2015-12-05,7737,Mail EigenCent,peripheral,peripheral,0,1
Linux,2015-12-05,7737,LOC Count,core,peripheral,0,1
Linux,2015-12-05,7737,Mail Count,peripheral,peripheral,0,1
Linux,2015-12-05,7737,VCS EigenCent,peripheral,peripheral,0,1
Linux,2015-12-05,7740,VCS Hierarchy,peripheral,peripheral,1,3
Linux,2015-12-05,7740,LOC Count,peripheral,peripheral,1,3
Linux,2015-12-05,7740,VCS EigenCent,peripheral,peripheral,1,3
Linux,2015-12-05,7740,VCS Degree,peripheral,peripheral,1,3
Linux,2015-12-05,7740,Commit Count,peripheral,peripheral,1,3
Linux,2015-12-05,7743,Mail Degree,core,core,1,0
Linux,2015-12-05,7743,VCS Hierarchy,peripheral,core,1,0
Linux,2015-12-05,7743,LOC Count,peripheral,core,1,0
Linux,2015-12-05,7743,VCS EigenCent,core,core,1,0
Linux,2015-12-05,7743,Mail Count,core,core,1,0
Linux,2015-12-05,7743,VCS Degree,peripheral,core,1,0
Linux,2015-12-05,7743,Mail EigenCent,peripheral,core,1,0
Linux,2015-12-05,7743,Commit Count,peripheral,core,1,0
Linux,2015-12-05,7777,Mail Degree,peripheral,peripheral,0,1
Linux,2015-12-05,7777,VCS Degree,peripheral,peripheral,0,1
Linux,2015-12-05,7777,LOC Count,core,peripheral,0,1
Linux,2015-12-05,7777,VCS EigenCent,peripheral,peripheral,0,1
Linux,2015-12-05,7777,VCS Hierarchy,peripheral,peripheral,0,1
Linux,2015-12-05,7777,Commit Count,core,peripheral,0,1
Linux,2015-12-05,7777,Mail Count,core,peripheral,0,1
Linux,2015-12-05,7777,Mail EigenCent,peripheral,peripheral,0,1
Linux,2015-12-05,7851,VCS EigenCent,peripheral,peripheral,0,1
Linux,2015-12-05,7851,Commit Count,peripheral,peripheral,0,1
Linux,2015-12-05,7851,LOC Count,core,peripheral,0,1
Linux,2015-12-05,7851,VCS Degree,peripheral,peripheral,0,1
Linux,2015-12-05,7851,VCS Hierarchy,peripheral,peripheral,0,1
Linux,2015-12-05,7862,VCS EigenCent,peripheral,peripheral,0,1
Linux,2015-12-05,7862,Mail EigenCent,peripheral,peripheral,0,1
Linux,2015-12-05,7862,Mail Degree,peripheral,peripheral,0,1
Linux,2015-12-05,7862,VCS Degree,peripheral,peripheral,0,1
Linux,2015-12-05,7862,Mail Count,peripheral,peripheral,0,1
Linux,2015-12-05,7862,LOC Count,peripheral,peripheral,0,1
Linux,2015-12-05,7862,VCS Hierarchy,peripheral,peripheral,0,1
Linux,2015-12-05,7862,Commit Count,peripheral,peripheral,0,1
Linux,2015-12-05,7876,Mail Degree,core,core,2,0
Linux,2015-12-05,7876,VCS EigenCent,core,core,2,0
Linux,2015-12-05,7876,LOC Count,core,core,2,0
Linux,2015-12-05,7876,Mail EigenCent,core,core,2,0
Linux,2015-12-05,7876,VCS Degree,core,core,2,0
Linux,2015-12-05,7876,Mail Count,core,core,2,0
Linux,2015-12-05,7876,Commit Count,core,core,2,0
Linux,2015-12-05,7876,VCS Hierarchy,core,core,2,0
Linux,2015-12-05,7884,Mail Degree,core,peripheral,0,4
Linux,2015-12-05,7884,Commit Count,core,peripheral,0,4
Linux,2015-12-05,7884,VCS Degree,peripheral,peripheral,0,4
Linux,2015-12-05,7884,Mail Count,core,peripheral,0,4
Linux,2015-12-05,7884,VCS Hierarchy,peripheral,peripheral,0,4
Linux,2015-12-05,7884,Mail EigenCent,core,peripheral,0,4
Linux,2015-12-05,7884,LOC Count,core,peripheral,0,4
Linux,2015-12-05,7884,VCS EigenCent,peripheral,peripheral,0,4
Linux,2015-12-05,7942,VCS EigenCent,peripheral,peripheral,0,1
Linux,2015-12-05,7942,Commit Count,peripheral,peripheral,0,1
Linux,2015-12-05,7942,VCS Hierarchy,peripheral,peripheral,0,1
Linux,2015-12-05,7942,VCS Degree,peripheral,peripheral,0,1
Linux,2015-12-05,7942,LOC Count,peripheral,peripheral,0,1
Linux,2015-12-05,7969,LOC Count,peripheral,peripheral,0,1
Linux,2015-12-05,7969,VCS Hierarchy,peripheral,peripheral,0,1
Linux,2015-12-05,7969,Commit Count,peripheral,peripheral,0,1
Linux,2015-12-05,7969,Mail Count,peripheral,peripheral,0,1
Linux,2015-12-05,7969,Mail Degree,peripheral,peripheral,0,1
Linux,2015-12-05,7969,VCS EigenCent,core,peripheral,0,1
Linux,2015-12-05,7969,Mail EigenCent,peripheral,peripheral,0,1
Linux,2015-12-05,7969,VCS Degree,peripheral,peripheral,0,1
Linux,2015-12-05,7991,VCS Degree,peripheral,peripheral,0,1
Linux,2015-12-05,7991,Mail Count,peripheral,peripheral,0,1
Linux,2015-12-05,7991,Mail EigenCent,peripheral,peripheral,0,1
Linux,2015-12-05,7991,Commit Count,peripheral,peripheral,0,1
Linux,2015-12-05,7991,LOC Count,peripheral,peripheral,0,1
Linux,2015-12-05,7991,VCS Hierarchy,peripheral,peripheral,0,1
Linux,2015-12-05,7991,Mail Degree,peripheral,peripheral,0,1
Linux,2015-12-05,7991,VCS EigenCent,peripheral,peripheral,0,1
Linux,2015-12-05,8075,LOC Count,core,core,2,0
Linux,2015-12-05,8075,VCS Degree,core,core,2,0
Linux,2015-12-05,8075,VCS Hierarchy,core,core,2,0
Linux,2015-12-05,8075,Commit Count,core,core,2,0
Linux,2015-12-05,8075,Mail EigenCent,core,core,2,0
Linux,2015-12-05,8075,Mail Degree,core,core,2,0
Linux,2015-12-05,8075,Mail Count,core,core,2,0
Linux,2015-12-05,8075,VCS EigenCent,core,core,2,0
Linux,2015-12-05,8081,VCS Hierarchy,peripheral,peripheral,0,1
Linux,2015-12-05,8081,Commit Count,peripheral,peripheral,0,1
Linux,2015-12-05,8081,LOC Count,peripheral,peripheral,0,1
Linux,2015-12-05,8081,VCS Degree,peripheral,peripheral,0,1
Linux,2015-12-05,8081,VCS EigenCent,peripheral,peripheral,0,1
Linux,2015-12-05,8082,VCS EigenCent,peripheral,peripheral,0,1
Linux,2015-12-05,8082,LOC Count,peripheral,peripheral,0,1
Linux,2015-12-05,8082,VCS Hierarchy,peripheral,peripheral,0,1
Linux,2015-12-05,8082,Commit Count,peripheral,peripheral,0,1
Linux,2015-12-05,8082,VCS Degree,peripheral,peripheral,0,1
Linux,2015-12-05,8120,LOC Count,peripheral,peripheral,0,2
Linux,2015-12-05,8120,Mail Degree,peripheral,peripheral,0,2
Linux,2015-12-05,8120,VCS Hierarchy,peripheral,peripheral,0,2
Linux,2015-12-05,8120,VCS Degree,peripheral,peripheral,0,2
Linux,2015-12-05,8120,Mail Count,peripheral,peripheral,0,2
Linux,2015-12-05,8120,Mail EigenCent,peripheral,peripheral,0,2
Linux,2015-12-05,8120,VCS EigenCent,peripheral,peripheral,0,2
Linux,2015-12-05,8120,Commit Count,peripheral,peripheral,0,2
Linux,2015-12-05,8126,Commit Count,peripheral,peripheral,0,1
Linux,2015-12-05,8126,Mail Degree,peripheral,peripheral,0,1
Linux,2015-12-05,8126,LOC Count,peripheral,peripheral,0,1
Linux,2015-12-05,8126,VCS EigenCent,core,peripheral,0,1
Linux,2015-12-05,8126,Mail Count,peripheral,peripheral,0,1
Linux,2015-12-05,8126,VCS Degree,peripheral,peripheral,0,1
Linux,2015-12-05,8126,VCS Hierarchy,peripheral,peripheral,0,1
Linux,2015-12-05,8126,Mail EigenCent,peripheral,peripheral,0,1
Linux,2015-12-05,8165,LOC Count,core,peripheral,0,1
Linux,2015-12-05,8165,VCS EigenCent,peripheral,peripheral,0,1
Linux,2015-12-05,8165,VCS Hierarchy,peripheral,peripheral,0,1
Linux,2015-12-05,8165,VCS Degree,peripheral,peripheral,0,1
Linux,2015-12-05,8165,Commit Count,peripheral,peripheral,0,1
Linux,2015-12-05,8167,Commit Count,peripheral,peripheral,0,1
Linux,2015-12-05,8167,LOC Count,peripheral,peripheral,0,1
Linux,2015-12-05,8167,VCS EigenCent,peripheral,peripheral,0,1
Linux,2015-12-05,8167,VCS Degree,peripheral,peripheral,0,1
Linux,2015-12-05,8167,VCS Hierarchy,peripheral,peripheral,0,1
Linux,2015-12-05,8172,LOC Count,core,peripheral,0,1
Linux,2015-12-05,8172,VCS EigenCent,peripheral,peripheral,0,1
Linux,2015-12-05,8172,Mail EigenCent,peripheral,peripheral,0,1
Linux,2015-12-05,8172,Mail Degree,peripheral,peripheral,0,1
Linux,2015-12-05,8172,Commit Count,peripheral,peripheral,0,1
Linux,2015-12-05,8172,VCS Degree,peripheral,peripheral,0,1
Linux,2015-12-05,8172,Mail Count,peripheral,peripheral,0,1
Linux,2015-12-05,8172,VCS Hierarchy,peripheral,peripheral,0,1
Linux,2015-12-05,8182,Mail Degree,core,peripheral,0,1
Linux,2015-12-05,8182,LOC Count,peripheral,peripheral,0,1
Linux,2015-12-05,8182,Mail EigenCent,core,peripheral,0,1
Linux,2015-12-05,8182,VCS EigenCent,core,peripheral,0,1
Linux,2015-12-05,8182,Commit Count,peripheral,peripheral,0,1
Linux,2015-12-05,8182,VCS Degree,core,peripheral,0,1
Linux,2015-12-05,8182,VCS Hierarchy,core,peripheral,0,1
Linux,2015-12-05,8182,Mail Count,core,peripheral,0,1
Linux,2015-12-05,8258,LOC Count,peripheral,peripheral,0,1
Linux,2015-12-05,8258,Commit Count,peripheral,peripheral,0,1
Linux,2015-12-05,8258,VCS EigenCent,peripheral,peripheral,0,1
Linux,2015-12-05,8258,VCS Degree,peripheral,peripheral,0,1
Linux,2015-12-05,8258,VCS Hierarchy,peripheral,peripheral,0,1
Linux,2015-12-05,8277,VCS Hierarchy,core,peripheral,0,1
Linux,2015-12-05,8277,Mail Degree,peripheral,peripheral,0,1
Linux,2015-12-05,8277,Commit Count,peripheral,peripheral,0,1
Linux,2015-12-05,8277,Mail Count,core,peripheral,0,1
Linux,2015-12-05,8277,VCS EigenCent,core,peripheral,0,1
Linux,2015-12-05,8277,LOC Count,peripheral,peripheral,0,1
Linux,2015-12-05,8277,VCS Degree,core,peripheral,0,1
Linux,2015-12-05,8277,Mail EigenCent,peripheral,peripheral,0,1
Linux,2015-12-05,8364,LOC Count,peripheral,core,1,0
Linux,2015-12-05,8364,Mail Count,core,core,1,0
Linux,2015-12-05,8364,VCS EigenCent,peripheral,core,1,0
Linux,2015-12-05,8364,Mail Degree,core,core,1,0
Linux,2015-12-05,8364,VCS Degree,peripheral,core,1,0
Linux,2015-12-05,8364,VCS Hierarchy,peripheral,core,1,0
Linux,2015-12-05,8364,Mail EigenCent,core,core,1,0
Linux,2015-12-05,8364,Commit Count,peripheral,core,1,0
Linux,2015-12-05,8391,LOC Count,peripheral,peripheral,1,3
Linux,2015-12-05,8391,VCS Degree,peripheral,peripheral,1,3
Linux,2015-12-05,8391,VCS EigenCent,peripheral,peripheral,1,3
Linux,2015-12-05,8391,Commit Count,peripheral,peripheral,1,3
Linux,2015-12-05,8391,VCS Hierarchy,peripheral,peripheral,1,3
Linux,2015-12-05,8398,VCS Hierarchy,peripheral,peripheral,0,1
Linux,2015-12-05,8398,Mail EigenCent,peripheral,peripheral,0,1
Linux,2015-12-05,8398,VCS EigenCent,peripheral,peripheral,0,1
Linux,2015-12-05,8398,Mail Degree,peripheral,peripheral,0,1
Linux,2015-12-05,8398,Mail Count,peripheral,peripheral,0,1
Linux,2015-12-05,8398,VCS Degree,peripheral,peripheral,0,1
Linux,2015-12-05,8398,Commit Count,peripheral,peripheral,0,1
Linux,2015-12-05,8398,LOC Count,peripheral,peripheral,0,1
Linux,2015-12-05,8446,VCS EigenCent,core,core,1,0
Linux,2015-12-05,8446,LOC Count,peripheral,core,1,0
Linux,2015-12-05,8446,Mail EigenCent,core,core,1,0
Linux,2015-12-05,8446,Mail Degree,core,core,1,0
Linux,2015-12-05,8446,VCS Hierarchy,core,core,1,0
Linux,2015-12-05,8446,Commit Count,peripheral,core,1,0
Linux,2015-12-05,8446,VCS Degree,core,core,1,0
Linux,2015-12-05,8446,Mail Count,core,core,1,0
Linux,2015-12-05,8465,Commit Count,peripheral,peripheral,0,1
Linux,2015-12-05,8465,VCS Degree,peripheral,peripheral,0,1
Linux,2015-12-05,8465,VCS EigenCent,core,peripheral,0,1
Linux,2015-12-05,8465,VCS Hierarchy,peripheral,peripheral,0,1
Linux,2015-12-05,8465,LOC Count,peripheral,peripheral,0,1
Linux,2015-12-05,8484,LOC Count,peripheral,peripheral,0,1
Linux,2015-12-05,8484,VCS EigenCent,peripheral,peripheral,0,1
Linux,2015-12-05,8484,VCS Degree,peripheral,peripheral,0,1
Linux,2015-12-05,8484,Mail Degree,peripheral,peripheral,0,1
Linux,2015-12-05,8484,Mail EigenCent,peripheral,peripheral,0,1
Linux,2015-12-05,8484,Mail Count,peripheral,peripheral,0,1
Linux,2015-12-05,8484,VCS Hierarchy,peripheral,peripheral,0,1
Linux,2015-12-05,8484,Commit Count,peripheral,peripheral,0,1
Linux,2015-12-05,8577,VCS Hierarchy,peripheral,peripheral,1,5
Linux,2015-12-05,8577,VCS EigenCent,peripheral,peripheral,1,5
Linux,2015-12-05,8577,VCS Degree,peripheral,peripheral,1,5
Linux,2015-12-05,8577,Commit Count,peripheral,peripheral,1,5
Linux,2015-12-05,8577,LOC Count,peripheral,peripheral,1,5
Linux,2015-12-05,8705,VCS Hierarchy,peripheral,peripheral,0,1
Linux,2015-12-05,8705,Commit Count,peripheral,peripheral,0,1
Linux,2015-12-05,8705,VCS Degree,peripheral,peripheral,0,1
Linux,2015-12-05,8705,LOC Count,peripheral,peripheral,0,1
Linux,2015-12-05,8705,VCS EigenCent,peripheral,peripheral,0,1
Linux,2015-12-05,8706,VCS Hierarchy,peripheral,peripheral,0,1
Linux,2015-12-05,8706,Commit Count,peripheral,peripheral,0,1
Linux,2015-12-05,8706,VCS EigenCent,peripheral,peripheral,0,1
Linux,2015-12-05,8706,Mail EigenCent,peripheral,peripheral,0,1
Linux,2015-12-05,8706,VCS Degree,peripheral,peripheral,0,1
Linux,2015-12-05,8706,Mail Degree,peripheral,peripheral,0,1
Linux,2015-12-05,8706,Mail Count,peripheral,peripheral,0,1
Linux,2015-12-05,8706,LOC Count,peripheral,peripheral,0,1
Linux,2015-12-05,8906,Commit Count,peripheral,peripheral,0,1
Linux,2015-12-05,8906,VCS EigenCent,peripheral,peripheral,0,1
Linux,2015-12-05,8906,VCS Degree,peripheral,peripheral,0,1
Linux,2015-12-05,8906,VCS Hierarchy,peripheral,peripheral,0,1
Linux,2015-12-05,8906,LOC Count,peripheral,peripheral,0,1
QEMU,2015-11-02,892,VCS EigenCent,peripheral,peripheral,0,1
QEMU,2015-11-02,892,VCS Degree,peripheral,peripheral,0,1
QEMU,2015-11-02,892,LOC Count,peripheral,peripheral,0,1
QEMU,2015-11-02,892,VCS Hierarchy,peripheral,peripheral,0,1
QEMU,2015-11-02,892,Commit Count,peripheral,peripheral,0,1
QEMU,2015-11-02,927,VCS Hierarchy,peripheral,peripheral,0,2
QEMU,2015-11-02,927,Mail Count,peripheral,peripheral,0,2
QEMU,2015-11-02,927,Mail Degree,peripheral,peripheral,0,2
QEMU,2015-11-02,927,LOC Count,peripheral,peripheral,0,2
QEMU,2015-11-02,927,Commit Count,peripheral,peripheral,0,2
QEMU,2015-11-02,927,VCS Degree,peripheral,peripheral,0,2
QEMU,2015-11-02,927,Mail EigenCent,peripheral,peripheral,0,2
QEMU,2015-11-02,927,VCS EigenCent,peripheral,peripheral,0,2
